SSC,Volume
SSC_BartonBridge,100.1708782
SSC_BartonBridge,597.9826827
SSC_BartonBridge,150.19816
SSC_BartonBridge,240.1176084
SSC_BartonBridge,52.92444363
SSC_BartonBridge,29.89245228
SSC_BartonBridge,46.34904511
SSC_BartonBridge,167.6841852
SSC_BartonBridge,98.80695477
SSC_BartonBridge,159.2416507
SSC_BartonBridge,27.70280077
SSC_ChurchSt,3.634859839
SSC_ChurchSt,3.50388942
SSC_ChurchSt,2.972695356
SSC_ChurchSt,2.786710983
SSC_ChurchSt,4.37250336
SSC_ChurchSt,1.524367448
SSC_ChurchSt,0.426511218
SSC_ChurchSt,3.792299145
SSC_ChurchSt,0.308155812
SSC_ChurchSt,0.830752806
SSC_ChurchSt,2.818091152
SSC_ChurchSt,3.003918364
SSC_ChurchSt,3.516486412
SSC_ChurchSt,8.40E-02
SSC_ChurchSt,69.23022155
SSC_ChurchSt,1.144480737
SSC_ChurchSt,177.0690551
SSC_ChurchSt,55.10534385
SSC_ChurchSt,122.8191265
SSC_ChurchSt,3.377383032
SSC_ChurchSt,12.10920593
SSC_ChurchSt,34.34765108
SSC_ChurchSt,60.15799254
SSC_ChurchSt,3.316894438
SSC_ChurchSt,1.996284522
SSC_ChurchSt,2.456348079
SSC_ChurchSt,63.28903797
SSC_ChurchSt,6.538108116
SSC_ChurchSt,2.946309544
SSC_ChurchSt,4.130567611
SSC_ChurchSt,67.43581131
SSC_ChurchSt,0.386508166
SSC_ChurchSt,42.85834177
SSC_ChurchSt,7.75E-02
SSC_ChurchSt,0.158336836
SSC_ChurchSt,1.275780068
SSC_ChurchSt,1.622037155
SSC_ChurchSt,0.429705562
SSC_ChurchSt,2.162973925
SSC_ChurchSt,1.460877884
SSC_ChurchSt,2.373860342
SSC_ChurchSt,5.90223757
SSC_ChurchSt,0.692010516
SSC_ChurchSt,12.23451706
SSC_ChurchSt,18.26469223
SSC_ChurchSt,0.347164351
SSC_ChurchSt,1.541026899
SSC_ChurchSt,68.61331834
SSC_ChurchSt,1.118021754
SSC_ChurchSt,2.173508549
SSC_ChurchSt,0.794202679
SSC_ChurchSt,0.545062342
SSC_ChurchSt,9.055394462
SSC_ChurchSt,0.356744447
SSC_ChurchSt,3.313829595
SSC_ChurchSt,3.331656398
SSC_ChurchSt,0.416562318
SSC_ChurchSt,0.393154177
SSC_ChurchSt,5.342316892
SSC_ChurchSt,0.58860591
SSC_ChurchSt,86.31741294
SSC_ChurchSt,2.091616936
SSC_ChurchSt,1.451906066
SSC_ChurchSt,1.536688007
SSC_ChurchSt,3.126872502
SSC_ChurchSt,14.97127636
SSC_ChurchSt,0.695189772
SSC_ChurchSt,1.055586462
SSC_ChurchSt,3.773390067
SSC_ChurchSt,31.12364045
SSC_ChurchSt,0.448159579
SSC_ChurchSt,0.147562738
SSC_ChurchSt,27.88947724
SSC_ChurchSt,8.830735988
SSC_ChurchSt,0.64274186
SSC_ChurchSt,3.421457423
SSC_ChurchSt,82.62138089
SSC_ChurchSt,0.412634978
SSC_ChurchSt,2.775726251
SSC_ChurchSt,4.293692858
SSC_ChurchSt,48.54216001
SSC_ChurchSt,183.4089106
SSC_ChurchSt,43.89310389
SSC_ChurchSt,7.350926661
SSC_ChurchSt,17.15819618
SSC_ChurchSt,0.226957382
SSC_ChurchSt,0.656801913
SSC_ChurchSt,214.9555743
SSC_ChurchSt,23.09547815
SSC_ChurchSt,64.67129871
SSC_ChurchSt,32.28112704
SSC_ChurchSt,11.4346261
SSC_ChurchSt,1.394338984
SSC_ChurchSt,2.791543569
SSC_ChurchSt,2.877692522
SSC_ChurchSt,4.370686164
SSC_ChurchSt,0.95243038
SSC_ChurchSt,0.466905705
SSC_ChurchSt,281.2176388
SSC_ChurchSt,4.753139833
SSC_ChurchSt,9.404895269
SSC_ChurchSt,22.34225955
SSC_ChurchSt,1.149776004
SSC_ChurchSt,1.522859962
SSC_ChurchSt,0.596960991
SSC_ChurchSt,40.18058515
SSC_ChurchSt,1.729405563
SSC_ChurchSt,2.673804652
SSC_ChurchSt,1.29663952
SSC_ChurchSt,7.654040245
SSC_ChurchSt,84.78854367
SSC_ChurchSt,1.956025403
SSC_ChurchSt,80.3880538
SSC_ChurchSt,8.179089288
SSC_ChurchSt,11.07257716
SSC_ChurchSt,5.016428155
SSC_ChurchSt,22.27141143
SSC_ChurchSt,4.600727667
SSC_ChurchSt,2.726228427
SSC_ChurchSt,0.3537278
SSC_ChurchSt,1.687136044
SSC_ChurchSt,2.848201463
SSC_ChurchSt,9.427463792
SSC_ChurchSt,11.07189118
SSC_ChurchSt,27.3119456
SSC_ChurchSt,7.991454518
SSC_ChurchSt,1.745419608
SSC_ChurchSt,0.506324958
SSC_ChurchSt,9.93933715
SSC_ChurchSt,3.879965966
SSC_ChurchSt,9.55522135
SSC_ChurchSt,1.190137382
SSC_ChurchSt,4.083309184
SSC_ChurchSt,3.61506346
SSC_ChurchSt,2.445074001
SSC_ChurchSt,0.383642394
SSC_ChurchSt,3.88801025
SSC_ChurchSt,1.129238246
SSC_ChurchSt,1.633151978
SSC_ChurchSt,4.408907813
SSC_ChurchSt,0.84120001
SSC_ChurchSt,0.497269569
SSC_ChurchSt,29.55786088
SSC_ChurchSt,0.760760143
SSC_ChurchSt,1807.141051
SSC_ChurchSt,3.041143234
SSC_ChurchSt,27.49273847
SSC_ChurchSt,2.282855086
SSC_ChurchSt,0.129449445
SSC_ChurchSt,71.70367382
SSC_ChurchSt,4.380059817
SSC_ChurchSt,26.59809276
SSC_ChurchSt,104.68089
SSC_ChurchSt,4.119729468
SSC_ChurchSt,1.598276136
SSC_ChurchSt,1.760322384
SSC_ChurchSt,4.381211242
SSC_ChurchSt,8.99629534
SSC_ChurchSt,144.9138617
SSC_ChurchSt,368.4515522
SSC_ChurchSt,113.9093204
SSC_ChurchSt,0.491338534
SSC_ChurchSt,1.811914674
SSC_ChurchSt,2.893786443
SSC_ChurchSt,3.523530563
SSC_ChurchSt,626.0666299
SSC_ChurchSt,3.757162207
SSC_ChurchSt,9.895974631
SSC_ChurchSt,161.0518489
SSC_ChurchSt,207.729134
SSC_ChurchSt,4.065692177
SSC_ChurchSt,52.41340754
SSC_ChurchSt,256.2553526
SSC_ChurchSt,4.673327941
SSC_ChurchSt,26.849
SSC_ChurchSt,2.689634295
SSC_ChurchSt,41.53887515
SSC_ChurchSt,0.910579538
SSC_ChurchSt,16.11380545
SSC_ChurchSt,0.347682772
SSC_ChurchSt,1.192283149
SSC_ChurchSt,21.82836573
SSC_ChurchSt,0.265553113
SSC_ChurchSt,9.884329901
SSC_ChurchSt,2.604443984
SSC_ChurchSt,0.599158726
SSC_ChurchSt,42.33524723
SSC_ChurchSt,1.844270745
SSC_ChurchSt,110.2851612
SSC_ChurchSt,0.541623247
SSC_ChurchSt,0.3808881
SSC_ChurchSt,4.97221655
SSC_ChurchSt,1.163296604
SSC_ChurchSt,4.419053936
SSC_ChurchSt,4.707678904
SSC_ChurchSt,4.727681478
SSC_ChurchSt,15.83429067
SSC_ChurchSt,1.99669775
SSC_ChurchSt,2.941937543
SSC_ChurchSt,9.589066808
SSC_ChurchSt,4.35E-02
SSC_ChurchSt,0.190529631
SSC_ChurchSt,1.74722507
SSC_ChurchSt,7.20E-02
SSC_ChurchSt,0.63780911
SSC_ChurchSt,1.281764157
SSC_ChurchSt,0.134124871
SSC_ChurchSt,7.220128071
SSC_ChurchSt,3.720060799
SSC_ChurchSt,1.013779625
SSC_ChurchSt,3.658747425
SSC_ChurchSt,2.620088806
SSC_ChurchSt,38.58515642
SSC_ChurchSt,2.524884806
SSC_ChurchSt,2.690801894
SSC_ChurchSt,0.483852237
SSC_ChurchSt,0.535507392
SSC_ChurchSt,4.112780032
SSC_ChurchSt,56.52701336
SSC_ChurchSt,254.2067867
SSC_ChurchSt,2.645799456
SSC_ChurchSt,4.579300837
SSC_ChurchSt,7.87478195
SSC_ChurchSt,3.355686724
SSC_ChurchSt,1.626515187
SSC_ChurchSt,0.190572798
SSC_ChurchSt,3.190528446
SSC_ChurchSt,7.841099691
SSC_ChurchSt,6.962168963
SSC_ChurchSt,12.21401769
SSC_ChurchSt,0.447618527
SSC_ChurchSt,5.560191379
SSC_ChurchSt,0.773568529
SSC_ChurchSt,1.551007402
SSC_ChurchSt,1.12328458
SSC_ChurchSt,1.469923634
SSC_ChurchSt,0.232831001
SSC_ChurchSt,1.207891091
SSC_ChurchSt,89.81161028
SSC_ChurchSt,168.2109772
SSC_ChurchSt,0.860358107
SSC_ChurchSt,0.317361237
SSC_ChurchSt,3.175648473
SSC_ChurchSt,1.282194987
SSC_ChurchSt,32.89368064
SSC_ChurchSt,1.610338533
SSC_ChurchSt,8.947507805
SSC_ChurchSt,2.778640886
SSC_ChurchSt,3.151123024
SSC_ChurchSt,2.887528514
SSC_ChurchSt,1.273917438
SSC_ChurchSt,9.95E-02
SSC_ChurchSt,8.77E-02
SSC_ChurchSt,0.538869373
SSC_ChurchSt,33.13964407
SSC_ChurchSt,201.8216981
SSC_ChurchSt,79.08959769
SSC_ChurchSt,12.86962989
SSC_ChurchSt,15.99920612
SSC_ChurchSt,1.229080543
SSC_ChurchSt,3.944958576
SSC_ChurchSt,30.48175707
SSC_ChurchSt,2.96504184
SSC_ChurchSt,10.55982321
SSC_ChurchSt,4.525680126
SSC_ChurchSt,17.0793317
SSC_ChurchSt,314.4536994
SSC_ChurchSt,11.76705103
SSC_ChurchSt,3.614825414
SSC_ChurchSt,151.5393321
SSC_ChurchSt,3.461495259
SSC_ChurchSt,0.280780516
SSC_ChurchSt,0.761027526
SSC_ChurchSt,0.346668142
SSC_ChurchSt,1.621400969
SSC_ChurchSt,0.43569527
SSC_ChurchSt,3.631415886
SSC_ChurchSt,17.75471838
SSC_ChurchSt,2.437013792
SSC_ChurchSt,0.72371716
SSC_ChurchSt,3.510775325
SSC_ChurchSt,74.11914628
SSC_ChurchSt,13.42664197
SSC_ChurchSt,2.811763824
SSC_ChurchSt,5.373221466
SSC_ChurchSt,0.407106693
SSC_ChurchSt,9.53E-02
SSC_ChurchSt,14.89038787
SSC_ChurchSt,0.18148891
SSC_ChurchSt,3.226734077
SSC_ChurchSt,5.399657569
SSC_ChurchSt,4.95231313
SSC_ChurchSt,0.232732514
SSC_ChurchSt,1.049313027
SSC_ChurchSt,3.451090803
SSC_ChurchSt,0.453764138
SSC_ChurchSt,0.457518393
SSC_ChurchSt,3.122368657
SSC_ChurchSt,36.13112268
SSC_ChurchSt,1.671106074
SSC_ChurchSt,2.051302915
SSC_ChurchSt,10.85821401
SSC_ChurchSt,3.530148076
SSC_ChurchSt,98.52250374
SSC_ChurchSt,6.171475538
SSC_ChurchSt,1.523337731
SSC_ChurchSt,4.062544524
SSC_ChurchSt,1.03187783
SSC_ChurchSt,0.990851767
SSC_ChurchSt,1.838935664
SSC_ChurchSt,0.598357416
SSC_ChurchSt,44.69601411
SSC_ChurchSt,3.683806801
SSC_ChurchSt,1.516292741
SSC_ChurchSt,0.614887368
SSC_ChurchSt,0.46669993
SSC_ChurchSt,1.452767973
SSC_ChurchSt,154.1059373
SSC_ChurchSt,1.632303729
SSC_ChurchSt,1.281464085
SSC_ChurchSt,128.3770485
SSC_ChurchSt,431.6683961
SSC_ChurchSt,1080.808959
SSC_ChurchSt,6.780254252
SSC_ChurchSt,3.438416869
SSC_ChurchSt,5.599169915
SSC_ChurchSt,63.41137687
SSC_ChurchSt,87.28592827
SSC_ChurchSt,0.832673519
SSC_ChurchSt,2.337368315
SSC_ChurchSt,7.374180404
SSC_ChurchSt,2.050621466
SSC_ChurchSt,2.352143421
SSC_ChurchSt,456.3903642
SSC_ChurchSt,17.15540669
SSC_ChurchSt,1.056236479
SSC_ChurchSt,0.911400964
SSC_ChurchSt,1.97E-04
SSC_ChurchSt,3.683753157
SSC_ChurchSt,4.124601869
SSC_ChurchSt,2.767448283
SSC_ChurchSt,3.956955594
SSC_ChurchSt,1.642332676
SSC_ChurchSt,3.111012265
SSC_ChurchSt,0.168418171
SSC_ChurchSt,60.91899785
SSC_ChurchSt,3.801773706
SSC_ChurchSt,25.51685742
SSC_ChurchSt,17.81271159
SSC_ChurchSt,5.105766499
SSC_ChurchSt,1.388788068
SSC_ChurchSt,2.91908177
SSC_ChurchSt,6.829405313
SSC_ChurchSt,1.816104617
SSC_ChurchSt,0.156374633
SSC_ChurchSt,6.92E-02
SSC_ChurchSt,1.752705158
SSC_ChurchSt,9.072136647
SSC_ChurchSt,0.313840419
SSC_ChurchSt,16.50752095
SSC_ChurchSt,1.784001089
SSC_ChurchSt,5.584617084
SSC_ChurchSt,0.357237722
SSC_ChurchSt,25.68911132
SSC_ChurchSt,0.339906461
SSC_ChurchSt,44.35094021
SSC_ChurchSt,0.106036275
SSC_ChurchSt,2.758279148
SSC_ChurchSt,3.307744085
SSC_ChurchSt,3.215196387
SSC_ChurchSt,0.525397978
SSC_ChurchSt,3.821508897
SSC_ChurchSt,1.594682814
SSC_ChurchSt,355.9257719
SSC_ChurchSt,28.99152568
SSC_ChurchSt,0.777687816
SSC_ChurchSt,24.75827172
SSC_ChurchSt,25.89246468
SSC_ChurchSt,0.77882524
SSC_ChurchSt,5.45292565
SSC_ChurchSt,77.75668337
SSC_ChurchSt,0.218549495
SSC_ChurchSt,4.65141035
SSC_ChurchSt,55.16293625
SSC_ChurchSt,78.57937111
SSC_ChurchSt,49.9080074
SSC_ChurchSt,0.569954499
SSC_ChurchSt,1.636734403
SSC_ChurchSt,0.976022085
SSC_ChurchSt,0.802245535
SSC_ChurchSt,0.466510079
SSC_ChurchSt,5.481250957
SSC_ChurchSt,2.4287375
SSC_ChurchSt,27.01178294
SSC_ChurchSt,2.842680303
SSC_ChurchSt,0.79005238
SSC_ChurchSt,5.242137472
SSC_ChurchSt,2.424894398
SSC_ChurchSt,5.704333882
SSC_ChurchSt,7.986207199
SSC_ChurchSt,1.563124111
SSC_ChurchSt,0.740702249
SSC_ChurchSt,0.148062719
SSC_ChurchSt,1.990057187
SSC_ChurchSt,2.33559863
SSC_ChurchSt,1.579431103
SSC_ChurchSt,0.347970271
SSC_ChurchSt,2.661172704
SSC_ChurchSt,5.878945612
SSC_ChurchSt,1.729839746
SSC_ChurchSt,4.864978899
SSC_ChurchSt,13.81299145
SSC_ChurchSt,0.740603513
SSC_ChurchSt,0.128937311
SSC_ChurchSt,0.471768466
SSC_ChurchSt,12.9401604
SSC_ChurchSt,2.462953267
SSC_ChurchSt,1.802313452
SSC_ChurchSt,0.371641185
SSC_ChurchSt,0.630273189
SSC_ChurchSt,7.44480691
SSC_ChurchSt,1.292046656
SSC_ChurchSt,5.356937694
SSC_ChurchSt,0.819606971
SSC_ChurchSt,10.50879276
SSC_ChurchSt,46.30491825
SSC_ChurchSt,7.061120092
SSC_ChurchSt,4.56335779
SSC_ChurchSt,18.85975918
SSC_ChurchSt,1.423913272
SSC_ChurchSt,11.10582113
SSC_ChurchSt,1.433545336
SSC_ChurchSt,4.629182552
SSC_ChurchSt,1.863991439
SSC_ChurchSt,74.4539605
SSC_ChurchSt,30.59308945
SSC_ChurchSt,3.598144589
SSC_ChurchSt,4.919879356
SSC_ChurchSt,0.270462393
SSC_ChurchSt,5.77563077
SSC_ChurchSt,3.444110525
SSC_ChurchSt,27.37044885
SSC_ChurchSt,39.32435646
SSC_ChurchSt,7.137270521
SSC_ChurchSt,4.480603354
SSC_ChurchSt,0.538708441
SSC_ChurchSt,98.38900625
SSC_ChurchSt,115.6774862
SSC_ChurchSt,0.634438995
SSC_ChurchSt,5.467350657
SSC_ChurchSt,6.94E-02
SSC_ChurchSt,1.097409226
SSC_ChurchSt,2.212544329
SSC_ChurchSt,180.1709528
SSC_ChurchSt,2.962679991
SSC_ChurchSt,0.367120405
SSC_ChurchSt,3.818079861
SSC_ChurchSt,3.042425666
SSC_ChurchSt,0.733580984
SSC_ChurchSt,4.254300924
SSC_ChurchSt,151.6366245
SSC_ChurchSt,3.841151887
SSC_ChurchSt,49.60526043
SSC_ChurchSt,9.27E-02
SSC_ChurchSt,1.928423795
SSC_ChurchSt,59.18728098
SSC_ChurchSt,45.56206504
SSC_ChurchSt,45.30970479
SSC_ChurchSt,7.701402779
SSC_ChurchSt,4.96E-02
SSC_ChurchSt,0.178916085
SSC_ChurchSt,112.5265481
SSC_ChurchSt,1.108377784
SSC_ChurchSt,3.077961582
SSC_ChurchSt,55.00681012
SSC_ChurchSt,3.537207314
SSC_ChurchSt,0.661534754
SSC_ChurchSt,4.472833903
SSC_ChurchSt,2.18843127
SSC_ChurchSt,120.2768615
SSC_ChurchSt,2.565448437
SSC_ChurchSt,103.9831663
SSC_ChurchSt,190.5274371
SSC_ChurchSt,4.282614993
SSC_ChurchSt,58.33849593
SSC_ChurchSt,3.57E-02
SSC_ChurchSt,0.585130354
SSC_ChurchSt,0.703643511
SSC_ChurchSt,0.326842846
SSC_ChurchSt,4.467713398
SSC_ChurchSt,31.94926336
SSC_ChurchSt,2.125953821
SSC_ChurchSt,0.902784368
SSC_ChurchSt,2.790044047
SSC_ChurchSt,3.745091086
SSC_ChurchSt,0.841086436
SSC_ChurchSt,0.215913387
SSC_ChurchSt,12.38865038
SSC_ChurchSt,7.357739301
SSC_ChurchSt,22.04213586
SSC_ChurchSt,4.408356951
SSC_ChurchSt,28.60441192
SSC_ChurchSt,6.722837128
SSC_ChurchSt,1.278394213
SSC_ChurchSt,2.935234954
SSC_ChurchSt,20.1274253
SSC_ChurchSt,27.53077035
SSC_ChurchSt,145.4669657
SSC_ChurchSt,0.261061251
SSC_ChurchSt,4.06E-02
SSC_ChurchSt,1.587667161
SSC_ChurchSt,5.274659085
SSC_ChurchSt,3.177436085
SSC_ChurchSt,0.823440853
SSC_ChurchSt,19.69471783
SSC_ChurchSt,36.23912542
SSC_ChurchSt,1.273445537
SSC_ChurchSt,83.0748665
SSC_ChurchSt,1.428451234
SSC_ChurchSt,4.717701736
SSC_ChurchSt,3.120592361
SSC_ChurchSt,4.080590171
SSC_ChurchSt,25.1651293
SSC_ChurchSt,1.989561816
SSC_ChurchSt,5.268804574
SSC_ChurchSt,153.9645983
SSC_ChurchSt,23.68833704
SSC_ChurchSt,0.886778285
SSC_ChurchSt,0.512522708
SSC_ChurchSt,1.20618747
SSC_ChurchSt,100.9491523
SSC_ChurchSt,38.96609607
SSC_ChurchSt,84.55950975
SSC_ChurchSt,226.3663748
SSC_ChurchSt,1.248887818
SSC_ChurchSt,131.0036492
SSC_ChurchSt,3.561897048
SSC_ChurchSt,165.1878851
SSC_ChurchSt,6.972427574
SSC_ChurchSt,1.764345945
SSC_ChurchSt,1.741936679
SSC_ChurchSt,2.161489738
SSC_ChurchSt,0.883228549
SSC_ChurchSt,175.4252395
SSC_ChurchSt,0.117226116
SSC_ChurchSt,0.393726242
SSC_ChurchSt,3.102972762
SSC_ChurchSt,0.848470054
SSC_ChurchSt,129.3633751
SSC_ChurchSt,43.0045847
SSC_ChurchSt,1.972797343
SSC_ChurchSt,0.66105489
SSC_ChurchSt,3.716270921
SSC_ChurchSt,5.103910917
SSC_ChurchSt,1.875148419
SSC_ChurchSt,0.791858261
SSC_ChurchSt,12.85091075
SSC_ChurchSt,0.990977915
SSC_ChurchSt,0.238636307
SSC_ChurchSt,32.077021
SSC_ChurchSt,11.17007152
SSC_ChurchSt,0.40565931
SSC_ChurchSt,7.966573258
SSC_ChurchSt,9.57E-02
SSC_ChurchSt,1.062131472
SSC_ChurchSt,13.41281316
SSC_ChurchSt,3.617051819
SSC_ChurchSt,2.401296407
SSC_ChurchSt,12.84622904
SSC_ChurchSt,3.067487308
SSC_ChurchSt,1.383846098
SSC_ChurchSt,4.834996413
SSC_ChurchSt,0.516854304
SSC_ChurchSt,5.122170722
SSC_ChurchSt,14.19546239
SSC_ChurchSt,5.677235779
SSC_ChurchSt,215.0463565
SSC_ChurchSt,1.53533894
SSC_ChurchSt,14.00954373
SSC_ChurchSt,15.69496676
SSC_ChurchSt,18.24902209
SSC_ChurchSt,126.8207074
SSC_ChurchSt,1.920924507
SSC_ChurchSt,12.44578905
SSC_ChurchSt,1.631025489
SSC_ChurchSt,3.431987607
SSC_ChurchSt,65.62293976
SSC_ChurchSt,0.159667045
SSC_ChurchSt,79.12005223
SSC_ChurchSt,144.7295422
SSC_ChurchSt,64.5452152
SSC_ChurchSt,0.390738513
SSC_ChurchSt,73.30235035
SSC_ChurchSt,1.397018678
SSC_ChurchSt,8.013489036
SSC_ChurchSt,130.1368229
SSC_ChurchSt,4.427216404
SSC_ChurchSt,4.792287682
SSC_ChurchSt,65.89928994
SSC_ChurchSt,2.32E-02
SSC_ChurchSt,3.396819656
SSC_ChurchSt,192.5820676
SSC_ChurchSt,37.61495265
SSC_ChurchSt,2.493164161
SSC_ChurchSt,2.304324492
SSC_ChurchSt,0.425749303
SSC_ChurchSt,0.200911456
SSC_ChurchSt,183.6220053
SSC_ChurchSt,1.721910884
SSC_ChurchSt,6.484497122
SSC_ChurchSt,83.18250858
SSC_ChurchSt,6.19E-02
SSC_ChurchSt,1.519347526
SSC_ChurchSt,0.318895544
SSC_ChurchSt,1.494390828
SSC_ChurchSt,4.103357097
SSC_ChurchSt,28.78138912
SSC_ChurchSt,10.06708598
SSC_ChurchSt,1.019905291
SSC_ChurchSt,1.795664088
SSC_ChurchSt,4.095479536
SSC_ChurchSt,5.340705549
SSC_ChurchSt,1.712546203
SSC_ChurchSt,1.200909385
SSC_ChurchSt,2.241866493
SSC_ChurchSt,146.4854592
SSC_ChurchSt,4.62829969
SSC_ChurchSt,0.935698006
SSC_ChurchSt,0.981066314
SSC_ChurchSt,1.935291508
SSC_ChurchSt,1.436469363
SSC_ChurchSt,5.311595866
SSC_ChurchSt,0.496604045
SSC_ChurchSt,1.446837358
SSC_ChurchSt,136.9706772
SSC_ChurchSt,27.30572714
SSC_ChurchSt,4.035737769
SSC_ChurchSt,79.37246403
SSC_ChurchSt,2.774199735
SSC_ChurchSt,1.583062563
SSC_ChurchSt,24.99455086
SSC_ChurchSt,69.8603633
SSC_ChurchSt,0.865258168
SSC_ChurchSt,4.776091083
SSC_ChurchSt,0.33283423
SSC_ChurchSt,1.807779291
SSC_ChurchSt,9.989494117
SSC_ChurchSt,7.183729905
SSC_ChurchSt,1.012427205
SSC_ChurchSt,20.27237269
SSC_ChurchSt,4.715680021
SSC_ChurchSt,0.496632544
SSC_ChurchSt,426.630028
SSC_ChurchSt,65.31640133
SSC_ChurchSt,2.397923948
SSC_ChurchSt,4.992294141
SSC_ChurchSt,1.902698058
SSC_ChurchSt,109.5217293
SSC_ChurchSt,0.65445959
SSC_ChurchSt,108.6906588
SSC_ChurchSt,2.781037024
SSC_ChurchSt,31.25003896
SSC_ChurchSt,1.82E-02
SSC_ChurchSt,3.223551049
SSC_ChurchSt,3.942025919
SSC_ChurchSt,4.473820205
SSC_ChurchSt,0.783455822
SSC_ChurchSt,9.030207682
SSC_ChurchSt,4.532813964
SSC_ChurchSt,749.0117932
SSC_ChurchSt,0.729387937
SSC_ChurchSt,0.595930017
SSC_ChurchSt,2.402970692
SSC_ChurchSt,16.95244763
SSC_ChurchSt,7.46066128
SSC_ChurchSt,1.624188961
SSC_ChurchSt,24.04075877
SSC_ChurchSt,0.703593468
SSC_ChurchSt,0.634916763
SSC_ChurchSt,75.93430793
SSC_ChurchSt,137.1888735
SSC_ChurchSt,4.110163202
SSC_ChurchSt,87.78519693
SSC_ChurchSt,0.854743909
SSC_ChurchSt,26.28585505
SSC_ChurchSt,4.792176126
SSC_ChurchSt,0.102824749
SSC_ChurchSt,0.136840608
SSC_ChurchSt,45.57615637
SSC_ChurchSt,0.179836837
SSC_ChurchSt,0.792822599
SSC_ChurchSt,10.68833287
SSC_ChurchSt,58.18804412
SSC_ChurchSt,7.569828692
SSC_ChurchSt,192.8234833
SSC_ChurchSt,196.1956787
SSC_ChurchSt,56.83888628
SSC_ChurchSt,100.2113055
SSC_ChurchSt,1.174562549
SSC_ChurchSt,3.758035011
SSC_ChurchSt,2.73598119
SSC_ChurchSt,3.76419571
SSC_ChurchSt,2.652907062
SSC_ChurchSt,3.562643876
SSC_ChurchSt,2.248979795
SSC_ChurchSt,0.151454456
SSC_ChurchSt,58.09062102
SSC_ChurchSt,3.371973181
SSC_ChurchSt,23.44563048
SSC_ChurchSt,20.16659492
SSC_ChurchSt,0.482726967
SSC_ChurchSt,24.49661335
SSC_ChurchSt,0.453620389
SSC_ChurchSt,63.06030296
SSC_ChurchSt,7.188860716
SSC_ChurchSt,0.477866301
SSC_ChurchSt,17.8924939
SSC_ChurchSt,0.468799177
SSC_ChurchSt,11.86121668
SSC_ChurchSt,6.167334211
SSC_ChurchSt,3.508645141
SSC_ChurchSt,7.588455718
SSC_ChurchSt,2.871158409
SSC_ChurchSt,0.192462917
SSC_ChurchSt,1.67237216
SSC_ChurchSt,1.009452048
SSC_ChurchSt,0.445081325
SSC_ChurchSt,17.82001533
SSC_ChurchSt,31.44749515
SSC_ChurchSt,0.920704458
SSC_ChurchSt,6.355740783
SSC_ChurchSt,60.74390115
SSC_ChurchSt,39.51655838
SSC_ChurchSt,6.61E-02
SSC_ChurchSt,2.403643339
SSC_ChurchSt,12.32842564
SSC_ChurchSt,15.84020403
SSC_ChurchSt,1.088102379
SSC_ChurchSt,5.256413607
SSC_ChurchSt,30.58564339
SSC_ChurchSt,0.308567363
SSC_ChurchSt,2.743038334
SSC_ChurchSt,0.683321835
SSC_ChurchSt,1.785665906
SSC_ChurchSt,106.1851325
SSC_ChurchSt,1.275062406
SSC_ChurchSt,2.719987014
SSC_ChurchSt,6.343622227
SSC_ChurchSt,5.142304053
SSC_CulverSt,15.72562709
SSC_CulverSt,3.598219359
SSC_CulverSt,2.458704061
SSC_CulverSt,9.898852216
SSC_CulverSt,10.72869416
SSC_CulverSt,13.63808728
SSC_CulverSt,2.579081183
SSC_CulverSt,2.525904713
SSC_CulverSt,4.007717905
SSC_CulverSt,160.6403916
SSC_CulverSt,0.734470304
SSC_CulverSt,202.7715051
SSC_CulverSt,147.8489018
SSC_CulverSt,136.0337897
SSC_CulverSt,21.57699581
SSC_CulverSt,37.24587532
SSC_CulverSt,40.0652649
SSC_CulverSt,73.12808915
SSC_CulverSt,3.878826866
SSC_CulverSt,6.363593446
SSC_CulverSt,1.772304562
SSC_CulverSt,110.4647577
SSC_CulverSt,1.091147525
SSC_CulverSt,0.351260168
SSC_CulverSt,1.059021366
SSC_CulverSt,103.8690744
SSC_CulverSt,0.237551689
SSC_CulverSt,71.72482337
SSC_CulverSt,1.652535548
SSC_CulverSt,1.185148473
SSC_CulverSt,1.314282588
SSC_CulverSt,20.8740257
SSC_CulverSt,60.31396568
SSC_CulverSt,54.31512995
SSC_CulverSt,0.674336435
SSC_CulverSt,134.9507355
SSC_CulverSt,6.82E-02
SSC_CulverSt,1.361343203
SSC_CulverSt,0.24218269
SSC_CulverSt,3.9729087
SSC_CulverSt,2.781422421
SSC_CulverSt,27.65714681
SSC_CulverSt,4.711834994
SSC_CulverSt,135.1605026
SSC_CulverSt,1.546852741
SSC_CulverSt,0.243550198
SSC_CulverSt,2.011510249
SSC_CulverSt,2.81051014
SSC_CulverSt,21.71087133
SSC_CulverSt,3.227312009
SSC_CulverSt,102.555889
SSC_CulverSt,74.21687927
SSC_CulverSt,5.207922791
SSC_CulverSt,12.22650002
SSC_CulverSt,105.1073453
SSC_CulverSt,5.485970217
SSC_CulverSt,0.82776382
SSC_CulverSt,61.93282365
SSC_CulverSt,247.4480921
SSC_CulverSt,67.60218873
SSC_CulverSt,3.382732611
SSC_CulverSt,47.14497446
SSC_CulverSt,0.608115209
SSC_CulverSt,300.199077
SSC_CulverSt,36.1406213
SSC_CulverSt,85.38302059
SSC_CulverSt,50.75925387
SSC_CulverSt,20.90280422
SSC_CulverSt,1.672578774
SSC_CulverSt,2.33438535
SSC_CulverSt,9.843132676
SSC_CulverSt,377.6156864
SSC_CulverSt,3.922684336
SSC_CulverSt,36.39468341
SSC_CulverSt,17.6619178
SSC_CulverSt,0.297392191
SSC_CulverSt,0.892397094
SSC_CulverSt,0.010233637
SSC_CulverSt,151.0444167
SSC_CulverSt,1.289236204
SSC_CulverSt,2.797062633
SSC_CulverSt,5.514898928
SSC_CulverSt,133.4606098
SSC_CulverSt,1.207770811
SSC_CulverSt,94.60625335
SSC_CulverSt,3.286866441
SSC_CulverSt,67.85095474
SSC_CulverSt,1.791305499
SSC_CulverSt,44.26761479
SSC_CulverSt,3.433970518
SSC_CulverSt,2.171999387
SSC_CulverSt,1.185689944
SSC_CulverSt,2.767939711
SSC_CulverSt,48.16350813
SSC_CulverSt,21.36221792
SSC_CulverSt,70.10806481
SSC_CulverSt,1.832191755
SSC_CulverSt,1.55110488
SSC_CulverSt,24.16223199
SSC_CulverSt,2.814949195
SSC_CulverSt,7.475316199
SSC_CulverSt,0.442398697
SSC_CulverSt,3.516637457
SSC_CulverSt,1.035061696
SSC_CulverSt,5.908925661
SSC_CulverSt,3.899895369
SSC_CulverSt,2.254232563
SSC_CulverSt,0.43155922
SSC_CulverSt,5.189961211
SSC_CulverSt,0.186985343
SSC_CulverSt,55.1416887
SSC_CulverSt,2044.647298
SSC_CulverSt,16.49342685
SSC_CulverSt,66.99460192
SSC_CulverSt,1.292754927
SSC_CulverSt,219.8800157
SSC_CulverSt,18.42489454
SSC_CulverSt,20.14273818
SSC_CulverSt,113.4412688
SSC_CulverSt,3.562842527
SSC_CulverSt,0.720382001
SSC_CulverSt,0.126550983
SSC_CulverSt,72.09251902
SSC_CulverSt,204.8938447
SSC_CulverSt,411.5245014
SSC_CulverSt,118.4262408
SSC_CulverSt,1.484638655
SSC_CulverSt,1.868321359
SSC_CulverSt,2.438112659
SSC_CulverSt,816.215498
SSC_CulverSt,23.99710707
SSC_CulverSt,6.106878554
SSC_CulverSt,240.2428141
SSC_CulverSt,285.1507699
SSC_CulverSt,3.334584863
SSC_CulverSt,71.02810868
SSC_CulverSt,257.7120012
SSC_CulverSt,2.917218053
SSC_CulverSt,44.79699492
SSC_CulverSt,4.097282732
SSC_CulverSt,69.96896469
SSC_CulverSt,25.44359096
SSC_CulverSt,53.51465031
SSC_CulverSt,15.54226357
SSC_CulverSt,2.512070382
SSC_CulverSt,80.95787604
SSC_CulverSt,1.692759463
SSC_CulverSt,146.4566399
SSC_CulverSt,2.087765451
SSC_CulverSt,22.61392541
SSC_CulverSt,0.919480281
SSC_CulverSt,10.7714536
SSC_CulverSt,2.625585658
SSC_CulverSt,3.16688184
SSC_CulverSt,6.241901375
SSC_CulverSt,2.794551834
SSC_CulverSt,0.539381927
SSC_CulverSt,41.63262121
SSC_CulverSt,1.304591432
SSC_CulverSt,0.770523384
SSC_CulverSt,12.24938061
SSC_CulverSt,0.1122129
SSC_CulverSt,0.836941585
SSC_CulverSt,3.209531059
SSC_CulverSt,0.417124325
SSC_CulverSt,62.30757519
SSC_CulverSt,1.343380117
SSC_CulverSt,2.153880227
SSC_CulverSt,0.333155676
SSC_CulverSt,1.941129922
SSC_CulverSt,133.3653002
SSC_CulverSt,352.4221302
SSC_CulverSt,2.113134538
SSC_CulverSt,3.230697879
SSC_CulverSt,4.87330632
SSC_CulverSt,2.939550796
SSC_CulverSt,3.428422365
SSC_CulverSt,1.572138847
SSC_CulverSt,1.027319332
SSC_CulverSt,8.661323647
SSC_CulverSt,26.62279289
SSC_CulverSt,25.99229238
SSC_CulverSt,0.188546892
SSC_CulverSt,3.208139244
SSC_CulverSt,1.560544161
SSC_CulverSt,2.735365959
SSC_CulverSt,2.885345447
SSC_CulverSt,2.548894178
SSC_CulverSt,103.2766415
SSC_CulverSt,158.5600807
SSC_CulverSt,0.209766937
SSC_CulverSt,2.43920524
SSC_CulverSt,39.65047654
SSC_CulverSt,1.128729045
SSC_CulverSt,25.02857
SSC_CulverSt,3.399303214
SSC_CulverSt,19.71945207
SSC_CulverSt,1.103799589
SSC_CulverSt,1.235271835
SSC_CulverSt,78.84765044
SSC_CulverSt,240.5012442
SSC_CulverSt,119.9145783
SSC_CulverSt,6.240737051
SSC_CulverSt,33.1457134
SSC_CulverSt,8.909442478
SSC_CulverSt,58.59050288
SSC_CulverSt,2.507259169
SSC_CulverSt,18.74699867
SSC_CulverSt,1.96742521
SSC_CulverSt,72.34429127
SSC_CulverSt,75.35509436
SSC_CulverSt,345.1606998
SSC_CulverSt,25.53120054
SSC_CulverSt,3.028839439
SSC_CulverSt,210.0980636
SSC_CulverSt,2.887647118
SSC_CulverSt,0.449182171
SSC_CulverSt,1.359790036
SSC_CulverSt,2.249252626
SSC_CulverSt,103.3836477
SSC_CulverSt,2.362711992
SSC_CulverSt,74.28581103
SSC_CulverSt,31.17969191
SSC_CulverSt,0.218520159
SSC_CulverSt,6.589976249
SSC_CulverSt,1.938038677
SSC_CulverSt,46.26645654
SSC_CulverSt,11.11142862
SSC_CulverSt,8.655689161
SSC_CulverSt,7.373254871
SSC_CulverSt,0.945684205
SSC_CulverSt,1.464225616
SSC_CulverSt,0.230662603
SSC_CulverSt,70.77026206
SSC_CulverSt,1.465585161
SSC_CulverSt,2.185959028
SSC_CulverSt,30.72053067
SSC_CulverSt,11.2922313
SSC_CulverSt,159.119431
SSC_CulverSt,19.65501024
SSC_CulverSt,2.802678927
SSC_CulverSt,3.613493282
SSC_CulverSt,0.141093166
SSC_CulverSt,0.332124283
SSC_CulverSt,71.9150582
SSC_CulverSt,3.406440405
SSC_CulverSt,0.375298209
SSC_CulverSt,1.262543615
SSC_CulverSt,2.986649967
SSC_CulverSt,182.4245124
SSC_CulverSt,0.46625066
SSC_CulverSt,143.3883665
SSC_CulverSt,1699.54027
SSC_CulverSt,33.31047061
SSC_CulverSt,0.536052635
SSC_CulverSt,4.740815253
SSC_CulverSt,142.475075
SSC_CulverSt,102.0798466
SSC_CulverSt,1.642984121
SSC_CulverSt,29.41202188
SSC_CulverSt,1.283881845
SSC_CulverSt,1.142373945
SSC_CulverSt,591.0655336
SSC_CulverSt,9.983500218
SSC_CulverSt,2.616793461
SSC_CulverSt,1.251830285
SSC_CulverSt,2.113635776
SSC_CulverSt,5.917505206
SSC_CulverSt,13.53723916
SSC_CulverSt,2.627218034
SSC_CulverSt,63.47947925
SSC_CulverSt,2.842951038
SSC_CulverSt,22.2902505
SSC_CulverSt,49.23318758
SSC_CulverSt,20.05899291
SSC_CulverSt,2.727511696
SSC_CulverSt,0.521814715
SSC_CulverSt,3.387328408
SSC_CulverSt,1.444337036
SSC_CulverSt,1.399467451
SSC_CulverSt,23.73021847
SSC_CulverSt,71.40363194
SSC_CulverSt,27.47575513
SSC_CulverSt,21.73367034
SSC_CulverSt,71.18228062
SSC_CulverSt,3.154040765
SSC_CulverSt,6.934287896
SSC_CulverSt,3.110243644
SSC_CulverSt,0.344578953
SSC_CulverSt,3.023377372
SSC_CulverSt,2.001781374
SSC_CulverSt,442.2639988
SSC_CulverSt,38.13016006
SSC_CulverSt,20.40561981
SSC_CulverSt,77.68343762
SSC_CulverSt,0.170485567
SSC_CulverSt,43.01880098
SSC_CulverSt,125.0147788
SSC_CulverSt,3.955014174
SSC_CulverSt,152.87872
SSC_CulverSt,148.361129
SSC_CulverSt,149.4233749
SSC_CulverSt,0.278733655
SSC_CulverSt,2.544012976
SSC_CulverSt,0.327404014
SSC_CulverSt,0.982336172
SSC_CulverSt,4.685100495
SSC_CulverSt,1.884563811
SSC_CulverSt,89.38129687
SSC_CulverSt,2.765857646
SSC_CulverSt,6.468624902
SSC_CulverSt,1.26756186
SSC_CulverSt,34.3940227
SSC_CulverSt,7.672813706
SSC_CulverSt,0.222280699
SSC_CulverSt,1.908376798
SSC_CulverSt,1.765169886
SSC_CulverSt,1.717329336
SSC_CulverSt,17.47542045
SSC_CulverSt,3.491211621
SSC_CulverSt,1.003045341
SSC_CulverSt,34.59488771
SSC_CulverSt,27.61239835
SSC_CulverSt,1.344269685
SSC_CulverSt,6.49E-03
SSC_CulverSt,28.82568411
SSC_CulverSt,1.838515311
SSC_CulverSt,1.914273467
SSC_CulverSt,0.184562135
SSC_CulverSt,48.45510046
SSC_CulverSt,2.77136749
SSC_CulverSt,0.610093757
SSC_CulverSt,6.075457142
SSC_CulverSt,50.42951433
SSC_CulverSt,64.22276137
SSC_CulverSt,43.09761828
SSC_CulverSt,5.224910394
SSC_CulverSt,1.939080966
SSC_CulverSt,44.91604335
SSC_CulverSt,2.602979246
SSC_CulverSt,26.45436659
SSC_CulverSt,2.320928624
SSC_CulverSt,23.00840334
SSC_CulverSt,0.915063608
SSC_CulverSt,132.209407
SSC_CulverSt,48.31777747
SSC_CulverSt,0.911870351
SSC_CulverSt,2.309070326
SSC_CulverSt,3.745124365
SSC_CulverSt,3.942859748
SSC_CulverSt,81.95104866
SSC_CulverSt,51.10553711
SSC_CulverSt,15.24755309
SSC_CulverSt,17.95929046
SSC_CulverSt,117.5826459
SSC_CulverSt,137.7635328
SSC_CulverSt,9.65E-02
SSC_CulverSt,4.610451932
SSC_CulverSt,0.230210399
SSC_CulverSt,1.691998386
SSC_CulverSt,223.7962627
SSC_CulverSt,3.106979731
SSC_CulverSt,3.355873221
SSC_CulverSt,2.30699832
SSC_CulverSt,5.62E-03
SSC_CulverSt,3.74332921
SSC_CulverSt,264.9161187
SSC_CulverSt,8.253205506
SSC_CulverSt,70.63883717
SSC_CulverSt,6.178581373
SSC_CulverSt,91.2386997
SSC_CulverSt,47.02270537
SSC_CulverSt,127.172925
SSC_CulverSt,20.60440502
SSC_CulverSt,139.1627461
SSC_CulverSt,2.497850483
SSC_CulverSt,75.48369228
SSC_CulverSt,1.555194411
SSC_CulverSt,10.23269671
SSC_CulverSt,2.789565021
SSC_CulverSt,128.9091748
SSC_CulverSt,0.494795231
SSC_CulverSt,165.2771842
SSC_CulverSt,216.1309589
SSC_CulverSt,2.508368095
SSC_CulverSt,33.61875139
SSC_CulverSt,5.64E-02
SSC_CulverSt,4.122059637
SSC_CulverSt,55.1787129
SSC_CulverSt,1.639421641
SSC_CulverSt,0.587069088
SSC_CulverSt,0.190975967
SSC_CulverSt,2.752351466
SSC_CulverSt,2.167976912
SSC_CulverSt,18.01937848
SSC_CulverSt,24.23118597
SSC_CulverSt,27.93016216
SSC_CulverSt,29.70671936
SSC_CulverSt,35.84962174
SSC_CulverSt,4.348706299
SSC_CulverSt,0.493438201
SSC_CulverSt,0.347495017
SSC_CulverSt,46.46775969
SSC_CulverSt,22.55182137
SSC_CulverSt,200.8183268
SSC_CulverSt,3.205688795
SSC_CulverSt,4.389564895
SSC_CulverSt,2.501809675
SSC_CulverSt,35.63646148
SSC_CulverSt,44.29511338
SSC_CulverSt,173.0368438
SSC_CulverSt,2.474162138
SSC_CulverSt,2.145641235
SSC_CulverSt,8.747494718
SSC_CulverSt,42.02548846
SSC_CulverSt,1.004466492
SSC_CulverSt,13.16687915
SSC_CulverSt,172.3534612
SSC_CulverSt,34.60368427
SSC_CulverSt,0.191822121
SSC_CulverSt,150.4860085
SSC_CulverSt,58.6397086
SSC_CulverSt,114.7285341
SSC_CulverSt,248.9861031
SSC_CulverSt,187.782715
SSC_CulverSt,2.333775147
SSC_CulverSt,267.5152939
SSC_CulverSt,2.770984856
SSC_CulverSt,1.246760072
SSC_CulverSt,0.850817996
SSC_CulverSt,0.798789676
SSC_CulverSt,2.090195784
SSC_CulverSt,269.9297582
SSC_CulverSt,2.550858896
SSC_CulverSt,0.292816091
SSC_CulverSt,231.177907
SSC_CulverSt,65.97232423
SSC_CulverSt,0.317692322
SSC_CulverSt,2.214386423
SSC_CulverSt,38.06403188
SSC_CulverSt,0.830576367
SSC_CulverSt,0.230504604
SSC_CulverSt,40.1320826
SSC_CulverSt,0.302975796
SSC_CulverSt,64.6870768
SSC_CulverSt,44.91998485
SSC_CulverSt,15.49154023
SSC_CulverSt,0.836316714
SSC_CulverSt,13.19017472
SSC_CulverSt,0.754453599
SSC_CulverSt,1.24436159
SSC_CulverSt,16.54751739
SSC_CulverSt,2.549802528
SSC_CulverSt,0.307592129
SSC_CulverSt,3.259927842
SSC_CulverSt,2.409102054
SSC_CulverSt,15.36879875
SSC_CulverSt,1.24841885
SSC_CulverSt,247.3341717
SSC_CulverSt,0.372104285
SSC_CulverSt,34.20739903
SSC_CulverSt,39.65722195
SSC_CulverSt,44.36158791
SSC_CulverSt,220.6662018
SSC_CulverSt,19.01435799
SSC_CulverSt,2.723690386
SSC_CulverSt,3.319414038
SSC_CulverSt,115.8549948
SSC_CulverSt,159.9598591
SSC_CulverSt,191.9512791
SSC_CulverSt,108.2705019
SSC_CulverSt,116.5687765
SSC_CulverSt,13.16941519
SSC_CulverSt,213.8595474
SSC_CulverSt,19.87013162
SSC_CulverSt,32.92154803
SSC_CulverSt,111.485914
SSC_CulverSt,1.279163671
SSC_CulverSt,334.3388173
SSC_CulverSt,32.85258023
SSC_CulverSt,26.79846048
SSC_CulverSt,1.430145636
SSC_CulverSt,220.9126011
SSC_CulverSt,2.430569784
SSC_CulverSt,18.91385705
SSC_CulverSt,166.7100894
SSC_CulverSt,0.95287504
SSC_CulverSt,0.74191511
SSC_CulverSt,8.566246958
SSC_CulverSt,85.10632183
SSC_CulverSt,3.232849514
SSC_CulverSt,2.68554284
SSC_CulverSt,3.541779814
SSC_CulverSt,1.07610159
SSC_CulverSt,2.813872959
SSC_CulverSt,1.680701847
SSC_CulverSt,173.8264444
SSC_CulverSt,0.45020644
SSC_CulverSt,6.90E-02
SSC_CulverSt,0.439498558
SSC_CulverSt,2.413061246
SSC_CulverSt,0.228064632
SSC_CulverSt,1.563958529
SSC_CulverSt,214.2612021
SSC_CulverSt,52.83354356
SSC_CulverSt,28.16883124
SSC_CulverSt,178.6368832
SSC_CulverSt,1.579207306
SSC_CulverSt,1.281052952
SSC_CulverSt,44.24835577
SSC_CulverSt,86.82384795
SSC_CulverSt,1.154823586
SSC_CulverSt,16.96361173
SSC_CulverSt,1.279908403
SSC_CulverSt,26.01266711
SSC_CulverSt,1.653684288
SSC_CulverSt,52.24177449
SSC_CulverSt,13.72504014
SSC_CulverSt,469.8668149
SSC_CulverSt,87.10819245
SSC_CulverSt,2.640976509
SSC_CulverSt,4.077632369
SSC_CulverSt,1.188375925
SSC_CulverSt,162.2826397
SSC_CulverSt,110.6433152
SSC_CulverSt,1.46680808
SSC_CulverSt,41.96863569
SSC_CulverSt,2.244057351
SSC_CulverSt,5.014632084
SSC_CulverSt,3.769527438
SSC_CulverSt,1.386706842
SSC_CulverSt,69.21089447
SSC_CulverSt,5.987700292
SSC_CulverSt,882.0552994
SSC_CulverSt,32.03791239
SSC_CulverSt,5.324129249
SSC_CulverSt,1.109933046
SSC_CulverSt,47.26104202
SSC_CulverSt,0.128873609
SSC_CulverSt,101.3584566
SSC_CulverSt,144.7297822
SSC_CulverSt,3.368383631
SSC_CulverSt,118.8216742
SSC_CulverSt,35.27049082
SSC_CulverSt,89.87992103
SSC_CulverSt,60.71417675
SSC_CulverSt,83.49830046
SSC_CulverSt,18.03235534
SSC_CulverSt,257.0596773
SSC_CulverSt,300.758459
SSC_CulverSt,78.8119851
SSC_CulverSt,167.344993
SSC_CulverSt,0.301729407
SSC_CulverSt,1.085597448
SSC_CulverSt,0.63346418
SSC_CulverSt,3.036273939
SSC_CulverSt,17.17807747
SSC_CulverSt,7.221175296
SSC_CulverSt,3.979596372
SSC_CulverSt,78.1751281
SSC_CulverSt,15.12829143
SSC_CulverSt,34.09685179
SSC_CulverSt,33.32170948
SSC_CulverSt,72.99037566
SSC_CulverSt,79.23107791
SSC_CulverSt,4.44898253
SSC_CulverSt,31.17550372
SSC_CulverSt,19.22326017
SSC_CulverSt,14.65817513
SSC_CulverSt,3.81899265
SSC_CulverSt,4.804434488
SSC_CulverSt,2.186987487
SSC_CulverSt,1.532732168
SSC_CulverSt,0.19604199
SSC_CulverSt,30.97938395
SSC_CulverSt,46.04517967
SSC_CulverSt,2.547841411
SSC_CulverSt,68.42490958
SSC_CulverSt,107.4879224
SSC_CulverSt,3.631125701
SSC_CulverSt,50.99183728
SSC_CulverSt,18.87658297
SSC_CulverSt,64.07431249
SSC_CulverSt,9.56E-02
SSC_CulverSt,0.811277454
SSC_CulverSt,1.532924533
SSC_CulverSt,116.9903897
SSC_CulverSt,33.93084435
SSC_CulverSt,26.92107766
SSC_SilverSt,23.4960778
SSC_SilverSt,136.7979778
SSC_SilverSt,1050.334243
SSC_SilverSt,140.2731149
SSC_SilverSt,141.8524477
SSC_SilverSt,23.06656561
SSC_SilverSt,27.67398379
SSC_SilverSt,40.62481209
SSC_SilverSt,75.50123393
SSC_SilverSt,43.01426134
SSC_SilverSt,18.02254751
SSC_SilverSt,10.1756587
SSC_SilverSt,175.9376435
SSC_SilverSt,462.0542357
SSC_SilverSt,166.4046301
SSC_SilverSt,114.6939067
SSC_SilverSt,31.34218625
SSC_SilverSt,1.705917794
SSC_SilverSt,3.317505059
SSC_SilverSt,61.28871127
SSC_SilverSt,25.27467407
SSC_SilverSt,0.442806895
SSC_SilverSt,44.70109254
SSC_SilverSt,10.26550516
SSC_SilverSt,12.8164938
SSC_SilverSt,8.952920077
SSC_SilverSt,196.5234367
SSC_SilverSt,29.48879994
SSC_SilverSt,213.9813049
SSC_SilverSt,19.43916458
SSC_SilverSt,6.721456287
SSC_WooleySt,37.47745774
SSC_WooleySt,59.8573102
SSC_WooleySt,373.1857942
SSC_WooleySt,52.21629016
SSC_WooleySt,97.7297456
SSC_WooleySt,36.53579115
SSC_WooleySt,39.5179449
SSC_WooleySt,32.18570411
SSC_WooleySt,44.14089977
SSC_WooleySt,27.84842461
SSC_WooleySt,44.8593261
SSC_WooleySt,38.40984053
SSC_WooleySt,32.70273677
SSC_WooleySt,70.66016182
SSC_WooleySt,211.2814772
SSC_WooleySt,74.33513535
SSC_WooleySt,62.48016193
SSC_WooleySt,37.42592245
SSC_WooleySt,31.03083543
SSC_WooleySt,26.51992648
SSC_WooleySt,30.54667659
SSC_WooleySt,45.49868762
SSC_WooleySt,41.5329276
SSC_WooleySt,28.3118835
SSC_WooleySt,42.81507715
SSC_WooleySt,33.48020188
SSC_WooleySt,37.74671465
SSC_WooleySt,29.7082851
SSC_WooleySt,62.62669101
SSC_WooleySt,35.29532313
SSC_WooleySt,71.77157536
SSC_WooleySt,30.89543417
SSC_WooleySt,30.52640914
ST,10.50279924
